-- ============================================
-- EXPORT TEAM DATA (без фінансів/затрат)
-- Виконати в новому проекті через Run SQL
-- ВАЖЛИВО: Користувачі повинні існувати в auth.users нового проекту!
-- Profiles створяться автоматично при реєстрації, тому імпортуйте їх ПІСЛЯ реєстрації користувачів
-- ============================================

-- 1. TEAMS (balance та credit_limit обнулені)
INSERT INTO teams (id, name, created_by, created_at, assigned_admin_id, max_referral_invites, balance, credit_limit) VALUES
('779d2b32-adfd-4a0f-96f7-3b50f059f391', 'F12', 'c1d35aff-7150-44f0-a761-b12b456d02d9', '2026-02-17 11:40:33.910124+00', NULL, 4, 0, 0),
('56398063-26bc-4d91-a61b-c63c417da9af', 'NN_buying', 'c1d35aff-7150-44f0-a761-b12b456d02d9', '2026-02-24 15:16:08.520171+00', NULL, 4, 0, 0),
('fb723407-78e8-42e7-8a4e-473eb7e219f4', 'LLgenerator', 'bcacad63-161e-4852-99c1-4b2f24735df5', '2025-12-16 15:43:32.228076+00', 'c1d35aff-7150-44f0-a761-b12b456d02d9', 4, 0, 0),
('0d52419f-0c43-4921-bed1-7424f38e4ce7', 'OFFshore Leads', 'c1d35aff-7150-44f0-a761-b12b456d02d9', '2026-02-18 11:39:24.388607+00', NULL, 4, 0, 0),
('9ed7ca39-8186-4eac-a358-691fdb139021', 'Prime2Coin', 'bcacad63-161e-4852-99c1-4b2f24735df5', '2025-12-16 15:43:15.442675+00', 'bcacad63-161e-4852-99c1-4b2f24735df5', 4, 0, 0),
('8c22fe27-2f47-4b8c-af73-1e4648a44b91', 'RETURN', 'bcacad63-161e-4852-99c1-4b2f24735df5', '2025-12-16 15:20:35.447909+00', 'bcacad63-161e-4852-99c1-4b2f24735df5', 4, 0, 0),
('01ab3d67-18bf-42b6-9ebf-bc97d092ee1a', 'Inside', 'c1d35aff-7150-44f0-a761-b12b456d02d9', '2026-02-18 10:47:39.14008+00', NULL, 4, 0, 0),
('31e6045a-af77-4212-8bee-56e97ed7cd28', 'Gpartners', 'bcacad63-161e-4852-99c1-4b2f24735df5', '2025-12-16 15:20:54.407245+00', 'bcacad63-161e-4852-99c1-4b2f24735df5', 4, 0, 0),
('de5edfb9-4cb4-4a50-9098-5a2bf0b974a7', '13Partners', 'bcacad63-161e-4852-99c1-4b2f24735df5', '2025-12-16 15:21:07.647654+00', 'bcacad63-161e-4852-99c1-4b2f24735df5', 4, 0, 0),
('664da3fe-9ecd-4852-b618-8161c48a8ebf', 'New White', 'c1d35aff-7150-44f0-a761-b12b456d02d9', '2026-02-25 07:15:57.502356+00', NULL, 4, 0, 0),
('eee491f8-5395-401b-a65f-0aa551a01f47', 'Xads', 'bcacad63-161e-4852-99c1-4b2f24735df5', '2025-12-16 15:43:25.263866+00', 'bcacad63-161e-4852-99c1-4b2f24735df5', 4, 0, 0),
('5be8c019-81b7-4581-954a-d6ec28d4e892', 'SBC', 'bcacad63-161e-4852-99c1-4b2f24735df5', '2025-12-16 15:43:03.208791+00', 'bcacad63-161e-4852-99c1-4b2f24735df5', 4, 0, 0),
('bceb889f-e6e7-44cc-b4c6-c5bbd608552a', 'crypto_william_g', 'c1d35aff-7150-44f0-a761-b12b456d02d9', '2026-01-28 15:48:13.304859+00', 'dc5e159b-efae-44e5-a505-45b3f02760df', 4, 0, 0),
('808ff6e3-11fa-4231-8371-9b9c12e23979', 'KARMA', 'bcacad63-161e-4852-99c1-4b2f24735df5', '2025-12-16 15:20:06.208928+00', 'bcacad63-161e-4852-99c1-4b2f24735df5', 4, 0, 0),
('df8186af-0d15-4f5a-be5f-b708b0a82123', 'WZ', 'c1d35aff-7150-44f0-a761-b12b456d02d9', '2026-03-02 14:06:14.921604+00', NULL, 4, 0, 0),
('0b25df49-e900-4c33-aa72-247fbaa5f874', 'WCT', 'bcacad63-161e-4852-99c1-4b2f24735df5', '2025-12-16 15:20:15.061014+00', 'bcacad63-161e-4852-99c1-4b2f24735df5', 4, 0, 0),
('b1474133-f835-4e13-8eba-c814877f6e11', 'FF/ST', 'c1d35aff-7150-44f0-a761-b12b456d02d9', '2025-12-16 12:27:53.583631+00', 'dc5e159b-efae-44e5-a505-45b3f02760df', 4, 0, 0),
('4174285f-7aaa-46f2-b957-1f3f09d7723e', 'RAY G', 'bcacad63-161e-4852-99c1-4b2f24735df5', '2025-12-16 15:20:24.370163+00', 'bcacad63-161e-4852-99c1-4b2f24735df5', 4, 0, 0),
('b8e00b74-574b-4cbd-b017-ad6548cfcf17', 'Zavod Lidov', 'c1d35aff-7150-44f0-a761-b12b456d02d9', '2026-01-23 12:53:32.960902+00', 'c1d35aff-7150-44f0-a761-b12b456d02d9', 4, 0, 0),
('1baf58c6-65aa-4d26-b61f-1c65f95805ff', 'Адміністратори', 'c1d35aff-7150-44f0-a761-b12b456d02d9', '2025-12-16 13:08:33.489191+00', 'c1d35aff-7150-44f0-a761-b12b456d02d9', 4, 0, 0),
('5c405d0a-0c4f-4bc3-a551-c2401ed6d1fa', 'Тестікі', 'c1d35aff-7150-44f0-a761-b12b456d02d9', '2026-02-27 14:46:27.987874+00', NULL, 4, 0, 0)
ON CONFLICT (id) DO NOTHING;

-- 2. TEAM MEMBERS
INSERT INTO team_members (id, team_id, user_id, role, status, created_at, approved_at, approved_by) VALUES
('6d2c254f-fcbb-49af-b148-230a9e3d6c45', 'b1474133-f835-4e13-8eba-c814877f6e11', 'c4f524ff-ede0-4b91-af9a-41b6d74a9238', 'buyer', 'approved', '2025-12-16 12:47:50.891813+00', '2025-12-16 12:47:50.678+00', NULL),
('6f4889a6-8bbe-45c7-87c2-29ae0076791f', '4174285f-7aaa-46f2-b957-1f3f09d7723e', 'bcacad63-161e-4852-99c1-4b2f24735df5', 'buyer', 'approved', '2025-12-16 15:22:04.009408+00', '2025-12-16 15:22:04.288+00', NULL),
('5d166617-b61d-4b9c-b14a-fb5dd4a06463', '0b25df49-e900-4c33-aa72-247fbaa5f874', 'bcacad63-161e-4852-99c1-4b2f24735df5', 'buyer', 'approved', '2025-12-16 15:22:17.410262+00', '2025-12-16 15:22:17.732+00', NULL),
('53a8d06c-e0b1-4713-8f3b-9c626a04b486', '8c22fe27-2f47-4b8c-af73-1e4648a44b91', 'bcacad63-161e-4852-99c1-4b2f24735df5', 'buyer', 'approved', '2025-12-16 15:22:23.721748+00', '2025-12-16 15:22:24.035+00', NULL),
('f07bd4be-0d49-4f65-b048-21954b966a8f', 'de5edfb9-4cb4-4a50-9098-5a2bf0b974a7', 'bcacad63-161e-4852-99c1-4b2f24735df5', 'buyer', 'approved', '2025-12-16 15:22:28.415731+00', '2025-12-16 15:22:28.74+00', NULL),
('3725da41-0e99-4bd6-86cc-74aff2360381', '31e6045a-af77-4212-8bee-56e97ed7cd28', 'bcacad63-161e-4852-99c1-4b2f24735df5', 'buyer', 'approved', '2025-12-16 15:22:32.892567+00', '2025-12-16 15:22:33.22+00', NULL),
('16c34384-8038-43a8-9f68-ee456cd14962', '1baf58c6-65aa-4d26-b61f-1c65f95805ff', '2aed9872-3fa3-4414-bb86-257de084aef0', 'tech_dev', 'approved', '2025-12-17 06:28:56.503967+00', '2025-12-17 06:28:56.294+00', NULL),
('813afe6f-fdb2-4415-b788-540dae4abad1', '808ff6e3-11fa-4231-8371-9b9c12e23979', '3b32eb23-8cd5-46fc-912a-f7b47335a8da', 'owner', 'approved', '2025-12-19 11:48:38.389279+00', '2025-12-19 11:48:38.097+00', NULL),
('16ca1578-9f75-40bb-bffd-32baa386bfc1', '808ff6e3-11fa-4231-8371-9b9c12e23979', '09366331-9c37-41d9-a89c-df59fdb3d0fd', 'buyer', 'approved', '2025-12-22 11:40:26.456449+00', '2025-12-22 11:48:27.771+00', 'd2d9a56b-5798-475d-a277-61bb4f4515ee'),
('51dd8e4a-c40a-4ec8-b465-cdff26d69f93', '808ff6e3-11fa-4231-8371-9b9c12e23979', '22343e7e-1bc3-4aef-9e56-8ccbe11b3a88', 'buyer', 'approved', '2025-12-22 12:02:56.375615+00', '2025-12-22 12:04:18.019+00', 'de101b02-e887-4705-a509-07e940b1430b'),
('600b6b93-b629-4b93-8f76-6386b87024b1', '808ff6e3-11fa-4231-8371-9b9c12e23979', '158bcf00-6267-481e-b46b-44f75b3ec2e8', 'buyer', 'approved', '2026-01-04 15:37:01.056292+00', '2026-01-05 06:02:45.323+00', 'de101b02-e887-4705-a509-07e940b1430b'),
('cf49e748-4a3c-45df-9c7e-9c5acf9772b1', '808ff6e3-11fa-4231-8371-9b9c12e23979', '75e05cff-7bd3-4313-9640-c5a2b919e7d9', 'buyer', 'approved', '2025-12-21 14:16:17.444116+00', '2025-12-21 14:16:19.605+00', NULL),
('89d377e4-e951-4e68-bbf8-824a5696964e', '808ff6e3-11fa-4231-8371-9b9c12e23979', 'e25e4233-8953-40bb-9802-12bdee16007a', 'buyer', 'approved', '2025-12-19 12:06:22.98405+00', '2025-12-21 14:18:13.788+00', 'de101b02-e887-4705-a509-07e940b1430b'),
('89424acf-f592-4e67-9cb4-632c34c89b72', '808ff6e3-11fa-4231-8371-9b9c12e23979', '67e24af2-18cf-4b11-9fe9-d813924b1f67', 'buyer', 'approved', '2026-01-05 09:53:14.916791+00', '2026-01-05 11:34:44.588+00', NULL),
('d03e9a03-b5c2-4576-be6d-81eaa17c770f', '808ff6e3-11fa-4231-8371-9b9c12e23979', '3fe5abe3-593b-4ed7-a5d9-bbb1e62a154f', 'buyer', 'approved', '2026-01-12 09:45:12.543131+00', '2026-01-23 08:24:20.874+00', NULL),
('62e48fe7-b789-477e-aebd-de2e4734b529', '808ff6e3-11fa-4231-8371-9b9c12e23979', '60932ee8-97bd-40f2-a1ed-9986df46915d', 'buyer', 'approved', '2026-01-12 08:44:09.198931+00', '2026-01-23 08:24:23.674+00', NULL),
('7eeaad96-00e4-4bab-a0de-ed36e39ec8ce', '808ff6e3-11fa-4231-8371-9b9c12e23979', 'cce134df-8a5c-43d6-b549-17845a16a03a', 'buyer', 'approved', '2026-01-12 08:26:49.085305+00', '2026-01-23 08:24:26.858+00', NULL),
('4608478f-6549-487f-8a5d-90515cd3d991', 'b8e00b74-574b-4cbd-b017-ad6548cfcf17', '3860ea04-5024-49d8-a7e6-6c68387e5abf', 'buyer', 'approved', '2026-01-23 13:10:52.785778+00', '2026-01-23 13:21:47.226+00', NULL),
('51e2d9c8-8841-4fd7-b964-b896384b014b', 'b8e00b74-574b-4cbd-b017-ad6548cfcf17', 'b349c9dd-a04b-426a-bdf4-193c667a8f3a', 'buyer', 'approved', '2026-01-23 13:42:20.075554+00', '2026-01-23 13:53:29.923+00', NULL),
('5ab74197-b2dd-4b24-bb7f-1fb2c100d4d4', 'b8e00b74-574b-4cbd-b017-ad6548cfcf17', 'f16e2e92-95ab-4a5a-a265-db04c75bc179', 'buyer', 'approved', '2026-01-27 07:34:32.458702+00', '2026-01-27 07:34:32.18+00', NULL),
('f3b436e4-c5b7-4451-97d9-5e7d22b8dd0e', '808ff6e3-11fa-4231-8371-9b9c12e23979', 'a921da1e-5ca4-44d3-a6dc-bd1922ddc176', 'buyer', 'approved', '2026-01-27 07:58:30.261528+00', '2026-01-27 07:58:29.943+00', NULL),
('f9c3f0ac-433f-49e1-babe-5424d7925c06', '808ff6e3-11fa-4231-8371-9b9c12e23979', '9b8ca40e-410f-40e7-88d1-bfa6dfb9743d', 'buyer', 'approved', '2026-01-27 10:58:49.293443+00', '2026-01-27 10:59:24.058+00', NULL),
('4241dd3f-d11e-477b-9dde-29f7188eddcf', 'b1474133-f835-4e13-8eba-c814877f6e11', '632e3204-b94a-471c-93ce-16033b4f81b3', 'owner', 'approved', '2026-01-28 09:39:26.262883+00', NULL, NULL),
('5a144ed9-9305-4acd-9ef9-6b1c9f5e5a14', '1baf58c6-65aa-4d26-b61f-1c65f95805ff', 'dc5e159b-efae-44e5-a505-45b3f02760df', 'tech_dev', 'approved', '2026-01-28 09:52:21.849465+00', '2026-01-28 09:53:03.037+00', NULL),
('989fe2f1-7eb1-4741-84a5-1c994bcbd752', '1baf58c6-65aa-4d26-b61f-1c65f95805ff', 'fd951f28-73c1-4c9c-a2e6-018495560f37', 'tech_dev', 'approved', '2026-01-28 09:53:47.347756+00', '2026-01-28 09:54:03.219+00', NULL),
('f6b6f9a3-5934-424d-a43a-b610354c92e6', 'b1474133-f835-4e13-8eba-c814877f6e11', '4fc06865-00a7-4ab1-808a-3030d28be251', 'buyer', 'approved', '2026-01-28 10:19:53.436835+00', '2026-01-28 11:39:39.833+00', '632e3204-b94a-471c-93ce-16033b4f81b3'),
('25670fd5-0d1a-46f4-b191-01a6b73bb60f', 'b1474133-f835-4e13-8eba-c814877f6e11', 'fa903815-f573-456b-b54c-060216a3bf7e', 'tech_dev', 'approved', '2026-01-27 09:52:05.910538+00', '2026-01-27 09:53:47.341+00', NULL),
('e7587438-bd1d-47a3-a8e0-7c70cfea5a04', 'b8e00b74-574b-4cbd-b017-ad6548cfcf17', '825f463c-7cd3-46fa-b911-b4ae9d372fb2', 'buyer', 'approved', '2026-01-23 13:20:22.188516+00', '2026-01-23 13:21:41.077+00', NULL),
('478a09b1-694b-466f-bd46-da3e2cf84cfa', '808ff6e3-11fa-4231-8371-9b9c12e23979', '85dffa49-86b3-4d16-aef7-7a19525e8c81', 'buyer', 'approved', '2026-01-30 08:53:46.108561+00', '2026-01-30 09:29:14.441+00', NULL),
('41621457-cf24-4a3f-89e4-251bf1fec7eb', 'fb723407-78e8-42e7-8a4e-473eb7e219f4', '84224d27-a16e-4478-b847-03a008f7a9b1', 'buyer', 'approved', '2026-01-30 16:50:52.724317+00', '2026-01-30 16:50:52.489+00', NULL),
('f8b8af9d-9292-420e-9993-11d9710bc229', '808ff6e3-11fa-4231-8371-9b9c12e23979', 'de101b02-e887-4705-a509-07e940b1430b', 'buyer', 'approved', '2025-12-21 14:18:02.662757+00', NULL, NULL),
('4c789b4f-69f0-4122-b2b6-71888d141344', '1baf58c6-65aa-4d26-b61f-1c65f95805ff', '20c0a0b8-b8b0-48e0-8273-f06d9db5e83b', 'tech_dev', 'approved', '2026-02-09 14:17:24.161228+00', '2026-02-09 14:17:23.975+00', NULL),
('e27a7fdb-cafc-442e-a6db-ad41ba333ece', '808ff6e3-11fa-4231-8371-9b9c12e23979', '041494eb-ad99-46f9-95ca-495e3c25477d', 'buyer', 'approved', '2026-02-09 15:14:40.861244+00', '2026-02-09 15:14:59.776+00', NULL),
('61b42502-e75a-441b-b56e-447145ddb7a3', '01ab3d67-18bf-42b6-9ebf-bc97d092ee1a', '399a89cc-2c00-45e4-a65b-895acd939d2a', 'owner', 'approved', '2026-02-18 11:15:08.432734+00', NULL, NULL),
('e2a304eb-a165-4607-ac80-b86feb3166b7', '779d2b32-adfd-4a0f-96f7-3b50f059f391', '725484c6-597a-4e71-a417-3212a00fdd20', 'owner', 'approved', '2026-02-25 09:55:34.913643+00', NULL, NULL),
('502c00a3-0f03-42d2-a4a1-7e10a63bcf2e', 'b8e00b74-574b-4cbd-b017-ad6548cfcf17', '95fee440-09f1-4767-945e-cf0957874fd3', 'buyer', 'approved', '2026-02-26 10:20:29.47773+00', '2026-02-26 10:41:08.599+00', NULL),
('de16732a-37ee-4fcd-af5a-f74073a039cf', '664da3fe-9ecd-4852-b618-8161c48a8ebf', '5a89ca95-5ed3-49c9-9543-239a35b4feea', 'owner', 'approved', '2026-02-27 14:22:45.939048+00', NULL, NULL),
('7035530f-e744-4b8a-80bd-28b7e238a9e7', '5c405d0a-0c4f-4bc3-a551-c2401ed6d1fa', 'a3ad78f2-f58b-4bb4-a1ed-c80180c62f19', 'owner', 'approved', '2026-02-27 14:47:24.207418+00', NULL, NULL),
('f6bbc7bc-da87-49e7-8ee1-49f0b56193ee', '4174285f-7aaa-46f2-b957-1f3f09d7723e', '548ee676-8b13-454c-87f3-c01553c665ce', 'owner', 'approved', '2026-03-02 12:18:24.644055+00', NULL, NULL),
('284bc67b-e23d-4f79-9309-7df62259de7e', 'df8186af-0d15-4f5a-be5f-b708b0a82123', '39def399-53ae-4573-8877-9f03060a0351', 'owner', 'approved', '2026-03-02 14:06:39.532922+00', NULL, NULL)
ON CONFLICT (id) DO NOTHING;

-- 3. TEAM ADMINS
INSERT INTO team_admins (id, team_id, admin_id, created_at) VALUES
('863726a1-9bec-40c2-b686-9adb255fb3ae', '1baf58c6-65aa-4d26-b61f-1c65f95805ff', 'c1d35aff-7150-44f0-a761-b12b456d02d9', '2026-02-06 12:47:53.906588+00'),
('64b2ae1a-9d07-46cd-b8f8-8e58571cb134', 'b1474133-f835-4e13-8eba-c814877f6e11', 'dc5e159b-efae-44e5-a505-45b3f02760df', '2026-02-06 12:47:53.906588+00'),
('344d2dba-a5a2-4638-baf8-fc9e1d9dd6ab', 'b8e00b74-574b-4cbd-b017-ad6548cfcf17', 'c1d35aff-7150-44f0-a761-b12b456d02d9', '2026-02-06 12:47:53.906588+00'),
('5ea887ee-94a5-46bf-9523-8a1fc0de65a7', 'bceb889f-e6e7-44cc-b4c6-c5bbd608552a', 'dc5e159b-efae-44e5-a505-45b3f02760df', '2026-02-06 12:47:53.906588+00'),
('2676d830-8b7f-44b5-a1fa-f68b470e2b66', 'fb723407-78e8-42e7-8a4e-473eb7e219f4', 'c1d35aff-7150-44f0-a761-b12b456d02d9', '2026-02-06 12:47:53.906588+00'),
('a1a250c2-099a-4a72-a564-1d114e196615', '9ed7ca39-8186-4eac-a358-691fdb139021', 'bcacad63-161e-4852-99c1-4b2f24735df5', '2026-02-06 12:47:53.906588+00'),
('a0bd1c67-6601-497c-83b5-7977fec1ab0d', '31e6045a-af77-4212-8bee-56e97ed7cd28', 'bcacad63-161e-4852-99c1-4b2f24735df5', '2026-02-06 12:47:53.906588+00'),
('1f1dec3e-afca-4680-9ae2-d05275215cfd', 'de5edfb9-4cb4-4a50-9098-5a2bf0b974a7', 'bcacad63-161e-4852-99c1-4b2f24735df5', '2026-02-06 12:47:53.906588+00'),
('ebdb8e77-dff8-4f82-bf7c-36071309e919', 'eee491f8-5395-401b-a65f-0aa551a01f47', 'bcacad63-161e-4852-99c1-4b2f24735df5', '2026-02-06 12:47:53.906588+00'),
('3d07e70d-5c42-49e7-86e4-702959fbc8e1', '5be8c019-81b7-4581-954a-d6ec28d4e892', 'bcacad63-161e-4852-99c1-4b2f24735df5', '2026-02-06 12:47:53.906588+00'),
('0dee2ad5-5522-4597-8494-e945e3082552', '8c22fe27-2f47-4b8c-af73-1e4648a44b91', 'bcacad63-161e-4852-99c1-4b2f24735df5', '2026-02-06 12:47:53.906588+00'),
('066da845-6f6d-4cac-b6e3-94cd979f18d8', '0b25df49-e900-4c33-aa72-247fbaa5f874', 'bcacad63-161e-4852-99c1-4b2f24735df5', '2026-02-06 12:47:53.906588+00'),
('57c8ac92-21ff-472f-afef-14e8c7eefa88', 'bceb889f-e6e7-44cc-b4c6-c5bbd608552a', '20c0a0b8-b8b0-48e0-8273-f06d9db5e83b', '2026-02-06 12:50:38.509449+00'),
('11352054-b446-46b0-8af1-560aab737453', '4174285f-7aaa-46f2-b957-1f3f09d7723e', '20c0a0b8-b8b0-48e0-8273-f06d9db5e83b', '2026-02-09 15:30:42.755801+00'),
('67a2f7f8-91e6-4538-bc39-90cbe251324d', '4174285f-7aaa-46f2-b957-1f3f09d7723e', 'dc5e159b-efae-44e5-a505-45b3f02760df', '2026-02-09 15:30:45.95654+00'),
('b712a488-78ff-4572-8418-a2d815fc0e48', '8c22fe27-2f47-4b8c-af73-1e4648a44b91', '20c0a0b8-b8b0-48e0-8273-f06d9db5e83b', '2026-02-13 14:10:53.759116+00'),
('763ae5e5-1f9c-478f-9023-b86188bd3be7', '01ab3d67-18bf-42b6-9ebf-bc97d092ee1a', 'dc5e159b-efae-44e5-a505-45b3f02760df', '2026-02-18 11:37:05.881866+00'),
('0e54514b-76ae-400f-b8cd-b44a48dfcc01', '01ab3d67-18bf-42b6-9ebf-bc97d092ee1a', '20c0a0b8-b8b0-48e0-8273-f06d9db5e83b', '2026-02-18 11:37:09.057216+00'),
('ec214769-93fc-47ca-a7d5-acef47a3868c', '0d52419f-0c43-4921-bed1-7424f38e4ce7', '20c0a0b8-b8b0-48e0-8273-f06d9db5e83b', '2026-02-18 11:40:03.329582+00'),
('5cb1e251-e6c7-4b38-b124-95a6e0eca0ff', '0d52419f-0c43-4921-bed1-7424f38e4ce7', 'dc5e159b-efae-44e5-a505-45b3f02760df', '2026-02-18 11:40:07.647273+00'),
('48022231-9b38-4a67-8b5d-caa9809361c4', '808ff6e3-11fa-4231-8371-9b9c12e23979', 'dc5e159b-efae-44e5-a505-45b3f02760df', '2026-02-18 11:51:38.132131+00'),
('8f2d10bc-3ea8-4222-bcd6-5e769bd06dee', '808ff6e3-11fa-4231-8371-9b9c12e23979', '20c0a0b8-b8b0-48e0-8273-f06d9db5e83b', '2026-02-18 11:51:41.605331+00'),
('3de39e4a-fa21-4e07-adc8-9da508cd50ed', '5c405d0a-0c4f-4bc3-a551-c2401ed6d1fa', 'c1d35aff-7150-44f0-a761-b12b456d02d9', '2026-02-27 15:35:35.80644+00')
ON CONFLICT (id) DO NOTHING;

-- 4. TEAM PRICING
INSERT INTO team_pricing (id, team_id, html_price, react_price, generation_cost_junior, generation_cost_senior, external_price, vip_extra_price, manual_price, php_price, created_at, updated_at) VALUES
('d96cc369-0390-4673-af17-55aaf4d5ca7b', 'de5edfb9-4cb4-4a50-9098-5a2bf0b974a7', 7.00, 7.00, 0.10, 0.25, 7, 2, 14, 7, '2025-12-17 11:18:37.500925+00', '2026-02-23 13:18:57.833631+00'),
('1010214c-19ea-4e49-9a0b-a67f8ed1463a', 'bceb889f-e6e7-44cc-b4c6-c5bbd608552a', 7.00, 7.00, 0.10, 0.25, 7, 2, 14, 7, '2026-01-28 15:49:21.095101+00', '2026-02-23 13:18:58.031591+00'),
('2e4edd25-0e90-4634-924b-59d72853fc62', '779d2b32-adfd-4a0f-96f7-3b50f059f391', 7.00, 9.00, 0.10, 0.25, 7, 2, 14, 7, '2026-02-18 09:21:59.789459+00', '2026-02-23 13:18:58.201062+00'),
('9e21c82d-5b1d-43e4-914f-ee68dab6f4d8', 'b1474133-f835-4e13-8eba-c814877f6e11', 7.00, 7.00, 0.10, 0.25, 7, 2, 14, 7, '2025-12-17 11:18:37.598724+00', '2026-02-23 13:18:58.360075+00'),
('0c606b1d-e46e-454f-a145-271b8a278d2a', '31e6045a-af77-4212-8bee-56e97ed7cd28', 7.00, 7.00, 0.10, 0.25, 7, 2, 14, 7, '2025-12-17 11:18:37.699244+00', '2026-02-23 13:18:58.582912+00'),
('4dfe22b5-0ebd-49b0-bd62-affec114d536', '808ff6e3-11fa-4231-8371-9b9c12e23979', 2.00, 2.00, 0.10, 0.25, 2, 2, 14, 7, '2025-12-17 11:18:37.803898+00', '2026-02-23 13:18:58.84516+00'),
('f7ab6d3e-b292-4cde-b191-16ba59d116d1', 'fb723407-78e8-42e7-8a4e-473eb7e219f4', 7.00, 7.00, 0.10, 0.25, 7, 2, 14, 7, '2025-12-17 11:18:37.918629+00', '2026-02-23 13:18:58.996018+00'),
('f3df779b-59d3-42b2-a7e7-c7d56a150399', '9ed7ca39-8186-4eac-a358-691fdb139021', 7.00, 7.00, 0.10, 0.25, 7, 2, 14, 7, '2025-12-17 11:18:38.018522+00', '2026-02-23 13:18:59.242509+00'),
('25289b7d-a294-49bb-8ecc-cece25114fd6', '4174285f-7aaa-46f2-b957-1f3f09d7723e', 7.00, 7.00, 0.10, 0.25, 7, 2, 14, 7, '2025-12-17 11:18:38.117317+00', '2026-02-23 13:18:59.384323+00'),
('0524d863-b47a-4b3c-951f-b6160271e96b', '8c22fe27-2f47-4b8c-af73-1e4648a44b91', 7.00, 7.00, 0.10, 0.25, 7, 2, 14, 7, '2025-12-17 11:18:38.218906+00', '2026-02-23 13:18:59.602871+00'),
('fa721f05-0a74-45b1-a8eb-a47cd9d94b77', '5be8c019-81b7-4581-954a-d6ec28d4e892', 7.00, 7.00, 0.10, 0.25, 7, 2, 14, 7, '2025-12-17 11:18:38.315128+00', '2026-02-23 13:18:59.752175+00'),
('507b5682-7358-46e9-9d27-ed3cc7e8dddf', '0b25df49-e900-4c33-aa72-247fbaa5f874', 7.00, 7.00, 0.10, 0.25, 7, 2, 14, 7, '2025-12-17 11:18:38.420948+00', '2026-02-23 13:18:59.881742+00'),
('8b0200c3-1aca-40b5-91d0-c4d6b0f0c8a9', 'eee491f8-5395-401b-a65f-0aa551a01f47', 7.00, 7.00, 0.10, 0.25, 7, 2, 14, 7, '2025-12-17 11:18:38.528163+00', '2026-02-23 13:19:00.004604+00'),
('e8d1257a-8f37-4a17-9642-693bca69e30b', 'b8e00b74-574b-4cbd-b017-ad6548cfcf17', 3.00, 3.00, 0.10, 0.25, 3, 2, 14, 7, '2026-01-23 12:57:35.08332+00', '2026-02-23 13:19:00.199606+00'),
('530f84e6-f6e2-4870-8a30-dc2d99a8b1ee', '1baf58c6-65aa-4d26-b61f-1c65f95805ff', 0.00, 0.00, 0.10, 0.25, 0, 2, 14, 7, '2025-12-16 15:12:23.159918+00', '2026-02-23 13:19:00.37834+00'),
('4007bf5b-640d-4930-97c3-02e22d1b5723', '01ab3d67-18bf-42b6-9ebf-bc97d092ee1a', 7.00, 9.00, 0.10, 0.25, 7, 2, 14, 7, '2026-02-23 13:18:58.718323+00', '2026-02-27 14:53:49.231187+00'),
('4adc9b9a-461a-4d73-a9a7-0301ed19233a', '0d52419f-0c43-4921-bed1-7424f38e4ce7', 7.00, 9.00, 0.10, 0.25, 7, 2, 14, 7, '2026-02-23 13:18:59.100101+00', '2026-02-27 14:53:49.231187+00'),
('f96cbaca-4bbc-4de0-8a14-91e28aa37c15', '664da3fe-9ecd-4852-b618-8161c48a8ebf', 7.00, 9.00, 0.10, 0.25, 7, 2, 14, 7, '2026-02-25 12:21:54.89036+00', '2026-02-27 14:53:49.231187+00'),
('2ac0917b-2173-418b-b776-385f9fc513ec', '5c405d0a-0c4f-4bc3-a551-c2401ed6d1fa', 7.00, 9.00, 0.10, 0.25, 7, 2, 14, 7, '2026-02-27 15:22:15.280684+00', '2026-02-27 15:22:15.280684+00'),
('25e308bd-37b3-4e36-ba45-df7249b00562', '56398063-26bc-4d91-a61b-c63c417da9af', 7.00, 9.00, 0.10, 0.25, 7, 2, 14, 7, '2026-02-27 15:22:15.280684+00', '2026-02-27 15:22:15.280684+00')
ON CONFLICT (id) DO NOTHING;

-- 5. USER ROLES
INSERT INTO user_roles (id, user_id, role, created_at) VALUES
('022efab7-9586-4360-a0ff-86d2e6eb1b81', '0d9c637e-3617-4177-9683-2526e416b2e9', 'admin', '2025-12-16 07:14:03.199032+00'),
('0df67b26-ef2f-4fff-a37f-030c5cd4767d', 'c1d35aff-7150-44f0-a761-b12b456d02d9', 'admin', '2025-12-16 10:58:55.910703+00'),
('8496642f-7773-43c1-a267-fc3d8471bf93', '50237c38-516b-494b-9a59-9dce7bca544f', 'admin', '2025-12-16 15:15:25.123533+00'),
('a57a4683-6425-4c37-9b82-75ea6c24f339', 'bcacad63-161e-4852-99c1-4b2f24735df5', 'admin', '2025-12-16 15:15:43.28865+00'),
('57bb765d-f832-437d-a848-cf88d917f857', 'a54848e1-f40a-40f3-bf58-3d2f8a741f98', 'admin', '2025-12-16 16:01:00.837722+00'),
('57d71621-4695-410a-9d27-8ebc02951df3', 'c4f524ff-ede0-4b91-af9a-41b6d74a9238', 'admin', '2025-12-16 16:01:12.837871+00'),
('b06781b4-feea-4e90-8006-bc48664311e1', 'c1d35aff-7150-44f0-a761-b12b456d02d9', 'super_admin', '2025-12-19 13:06:21.865356+00'),
('8a732daa-e287-41a7-836e-e80b9bf8e0f9', 'dc5e159b-efae-44e5-a505-45b3f02760df', 'admin', '2026-01-28 09:55:15.417529+00'),
('c864dbc7-8bc6-4c7d-8554-d678b605a190', 'fd951f28-73c1-4c9c-a2e6-018495560f37', 'admin', '2026-01-28 10:01:22.892111+00'),
('39a6b6f0-2070-465f-8c96-e672b7b83a7f', '20c0a0b8-b8b0-48e0-8273-f06d9db5e83b', 'admin', '2026-02-06 09:59:52.81977+00')
ON CONFLICT (id) DO NOTHING;

-- ============================================
-- ПРИМІТКИ:
-- 1. Баланси команд обнулені (balance=0, credit_limit=0)
-- 2. user_id повинні збігатися з auth.users в новому проекті
--    (користувачі мають зареєструватись з тими ж email)
-- 3. Profiles НЕ включені - вони створюються автоматично при реєстрації
--    через тригер handle_new_user
-- 4. Invite codes НЕ включені - краще створити нові
-- ============================================
